loan_id,sku_type,financing_amount,transaction_month,repayment_status,margin
1,C,265.000.000,2024-05-01,repaid,13.250.000
2,A,135.500.000,2024-04-01,repaid,6.775.000
3,C,250.000.000,2024-04-01,repaid,12.500.000
4,A,137.500.000,2024-06-01,repaid,6.875.000
5,C,260.000.000,2024-01-01,repaid,13.000.000
6,A,135.500.000,2024-04-01,repaid,6.775.000
7,C,255.000.000,2024-02-01,repaid,12.750.000
8,A,137.500.000,2024-06-01,repaid,6.875.000
9,A,135.500.000,2024-04-01,repaid,6.775.000
10,C,267.750.000,2024-06-01,repaid,13.387.500
11,C,265.000.000,2024-05-01,repaid,13.250.000
12,A,135.500.000,2024-04-01,repaid,6.775.000
13,C,260.000.000,2024-01-01,repaid,13.000.000
14,B,222.500.000,2024-06-01,repaid,11.125.000
15,A,138.000.000,2024-03-01,repaid,6.900.000
16,A,135.500.000,2024-04-01,repaid,6.775.000
17,B,226.000.000,2024-05-01,repaid,11.300.000
18,A,136.500.000,2024-05-01,repaid,6.825.000
19,A,137.500.000,2024-06-01,repaid,6.875.000
20,A,135.500.000,2024-04-01,repaid,6.775.000
21,B,220.000.000,2024-02-01,repaid,11.000.000
22,B,222.500.000,2024-06-01,repaid,11.125.000
23,A,137.500.000,2024-06-01,repaid,6.875.000
24,B,230.000.000,2024-03-01,repaid,11.500.000
25,B,212.500.000,2024-01-01,repaid,10.625.000
26,C,255.000.000,2024-02-01,repaid,12.750.000
27,B,226.000.000,2024-05-01,repaid,11.300.000
28,A,137.500.000,2024-06-01,repaid,6.875.000
29,B,226.000.000,2024-05-01,repaid,11.300.000
30,C,265.000.000,2024-05-01,repaid,13.250.000
31,A,137.500.000,2024-06-01,repaid,6.875.000
32,C,262.500.000,2024-03-01,repaid,13.125.000
33,A,127.500.000,2024-02-01,repaid,6.375.000
34,A,127.500.000,2024-02-01,repaid,6.375.000
35,B,230.000.000,2024-03-01,repaid,11.500.000
36,B,220.000.000,2024-02-01,defaulted,-66.000.000
37,A,136.500.000,2024-05-01,repaid,6.825.000
38,B,230.000.000,2024-03-01,repaid,11.500.000
39,C,255.000.000,2024-02-01,repaid,12.750.000
40,C,267.750.000,2024-06-01,repaid,13.387.500
41,B,228.000.000,2024-04-01,repaid,11.400.000
42,B,228.000.000,2024-04-01,repaid,11.400.000
43,A,137.500.000,2024-06-01,repaid,6.875.000
44,A,136.500.000,2024-05-01,repaid,6.825.000
45,A,136.500.000,2024-05-01,repaid,6.825.000
46,A,138.000.000,2024-03-01,repaid,6.900.000
47,A,135.500.000,2024-04-01,repaid,6.775.000
48,B,228.000.000,2024-04-01,repaid,11.400.000
49,A,136.500.000,2024-05-01,repaid,6.825.000
50,A,127.500.000,2024-02-01,repaid,6.375.000
51,A,127.500.000,2024-02-01,repaid,6.375.000
52,A,135.500.000,2024-04-01,repaid,6.775.000
53,A,135.000.000,2024-01-01,repaid,6.750.000
54,A,137.500.000,2024-06-01,repaid,6.875.000
55,A,127.500.000,2024-02-01,repaid,6.375.000
56,B,228.000.000,2024-04-01,repaid,11.400.000
57,A,137.500.000,2024-06-01,repaid,6.875.000
58,B,220.000.000,2024-02-01,repaid,11.000.000
59,A,136.500.000,2024-05-01,repaid,6.825.000
60,B,228.000.000,2024-04-01,repaid,11.400.000
61,A,136.500.000,2024-05-01,repaid,6.825.000
62,A,138.000.000,2024-03-01,repaid,6.900.000
63,A,127.500.000,2024-02-01,repaid,6.375.000
64,A,135.000.000,2024-01-01,repaid,6.750.000
65,B,226.000.000,2024-05-01,repaid,11.300.000
66,A,137.500.000,2024-06-01,repaid,6.875.000
67,B,220.000.000,2024-02-01,repaid,11.000.000
68,B,228.000.000,2024-04-01,repaid,11.400.000
69,B,212.500.000,2024-01-01,repaid,10.625.000
70,B,226.000.000,2024-05-01,repaid,11.300.000
71,B,230.000.000,2024-03-01,repaid,11.500.000
72,C,255.000.000,2024-02-01,defaulted,-76.500.000
73,B,222.500.000,2024-06-01,repaid,11.125.000
74,B,226.000.000,2024-05-01,repaid,11.300.000
75,A,135.000.000,2024-01-01,repaid,6.750.000
76,C,260.000.000,2024-01-01,repaid,13.000.000
77,B,228.000.000,2024-04-01,repaid,11.400.000
78,A,135.000.000,2024-01-01,repaid,6.750.000
79,B,228.000.000,2024-04-01,repaid,11.400.000
80,B,220.000.000,2024-02-01,repaid,11.000.000
81,A,135.500.000,2024-04-01,repaid,6.775.000
82,B,226.000.000,2024-05-01,defaulted,-67.800.000
83,C,250.000.000,2024-04-01,repaid,12.500.000
84,C,250.000.000,2024-04-01,repaid,12.500.000
85,B,226.000.000,2024-05-01,repaid,11.300.000
86,A,135.500.000,2024-04-01,repaid,6.775.000
87,A,135.500.000,2024-04-01,repaid,6.775.000
88,A,136.500.000,2024-05-01,repaid,6.825.000
89,B,222.500.000,2024-06-01,repaid,11.125.000
90,A,136.500.000,2024-05-01,repaid,6.825.000
91,C,267.750.000,2024-06-01,repaid,13.387.500
92,A,135.500.000,2024-04-01,repaid,6.775.000
93,A,138.000.000,2024-03-01,defaulted,-41.400.000
94,B,222.500.000,2024-06-01,repaid,11.125.000
95,A,136.500.000,2024-05-01,repaid,6.825.000
96,C,260.000.000,2024-01-01,repaid,13.000.000
97,C,255.000.000,2024-02-01,repaid,12.750.000
98,B,226.000.000,2024-05-01,repaid,11.300.000
99,A,135.500.000,2024-04-01,repaid,6.775.000
100,B,228.000.000,2024-04-01,repaid,11.400.000
101,A,137.500.000,2024-06-01,defaulted,-41.250.000
102,C,255.000.000,2024-02-01,repaid,12.750.000
103,A,138.000.000,2024-03-01,defaulted,-41.400.000
104,C,262.500.000,2024-03-01,repaid,13.125.000
105,A,137.500.000,2024-06-01,repaid,6.875.000
106,A,137.500.000,2024-06-01,repaid,6.875.000
107,B,222.500.000,2024-06-01,repaid,11.125.000
108,B,222.500.000,2024-06-01,repaid,11.125.000
109,B,226.000.000,2024-05-01,repaid,11.300.000
110,A,135.500.000,2024-04-01,repaid,6.775.000
111,C,265.000.000,2024-05-01,repaid,13.250.000
112,A,135.500.000,2024-04-01,repaid,6.775.000
113,C,260.000.000,2024-01-01,repaid,13.000.000
114,C,262.500.000,2024-03-01,defaulted,-78.750.000
115,A,138.000.000,2024-03-01,repaid,6.900.000
116,A,137.500.000,2024-06-01,repaid,6.875.000
117,A,127.500.000,2024-02-01,repaid,6.375.000
118,A,136.500.000,2024-05-01,repaid,6.825.000
119,A,138.000.000,2024-03-01,repaid,6.900.000
120,B,222.500.000,2024-06-01,repaid,11.125.000
121,A,135.500.000,2024-04-01,repaid,6.775.000
122,A,127.500.000,2024-02-01,repaid,6.375.000
123,B,230.000.000,2024-03-01,repaid,11.500.000
124,A,138.000.000,2024-03-01,repaid,6.900.000
125,A,138.000.000,2024-03-01,defaulted,-41.400.000
126,C,255.000.000,2024-02-01,defaulted,-76.500.000
127,B,230.000.000,2024-03-01,defaulted,-69.000.000
128,A,135.500.000,2024-04-01,repaid,6.775.000
129,C,265.000.000,2024-05-01,repaid,13.250.000
130,A,135.000.000,2024-01-01,repaid,6.750.000
131,A,138.000.000,2024-03-01,repaid,6.900.000
132,A,135.500.000,2024-04-01,repaid,6.775.000
133,B,228.000.000,2024-04-01,repaid,11.400.000
134,B,228.000.000,2024-04-01,repaid,11.400.000
135,A,135.500.000,2024-04-01,repaid,6.775.000
136,C,267.750.000,2024-06-01,repaid,13.387.500
137,B,226.000.000,2024-05-01,repaid,11.300.000
138,A,135.000.000,2024-01-01,repaid,6.750.000
139,C,250.000.000,2024-04-01,repaid,12.500.000
140,A,137.500.000,2024-06-01,repaid,6.875.000
141,A,137.500.000,2024-06-01,repaid,6.875.000
142,B,228.000.000,2024-04-01,repaid,11.400.000
143,A,138.000.000,2024-03-01,repaid,6.900.000
144,A,136.500.000,2024-05-01,repaid,6.825.000
145,B,226.000.000,2024-05-01,repaid,11.300.000
146,A,127.500.000,2024-02-01,repaid,6.375.000
147,A,136.500.000,2024-05-01,repaid,6.825.000
148,C,260.000.000,2024-01-01,repaid,13.000.000
149,A,135.000.000,2024-01-01,repaid,6.750.000
150,C,262.500.000,2024-03-01,repaid,13.125.000
151,C,267.750.000,2024-06-01,defaulted,-80.325.000
152,A,135.500.000,2024-04-01,defaulted,-40.650.000
153,C,255.000.000,2024-02-01,repaid,12.750.000
154,C,260.000.000,2024-01-01,repaid,13.000.000
155,A,136.500.000,2024-05-01,repaid,6.825.000
156,C,260.000.000,2024-01-01,repaid,13.000.000
157,A,138.000.000,2024-03-01,repaid,6.900.000
158,A,136.500.000,2024-05-01,repaid,6.825.000
159,A,127.500.000,2024-02-01,repaid,6.375.000
160,A,136.500.000,2024-05-01,repaid,6.825.000
161,A,136.500.000,2024-05-01,repaid,6.825.000
162,A,137.500.000,2024-06-01,repaid,6.875.000
163,C,262.500.000,2024-03-01,repaid,13.125.000
164,C,262.500.000,2024-03-01,repaid,13.125.000
165,A,127.500.000,2024-02-01,repaid,6.375.000
166,B,220.000.000,2024-02-01,repaid,11.000.000
167,B,220.000.000,2024-02-01,repaid,11.000.000
168,B,220.000.000,2024-02-01,repaid,11.000.000
169,B,220.000.000,2024-02-01,repaid,11.000.000
170,B,220.000.000,2024-02-01,repaid,11.000.000
171,A,135.000.000,2024-01-01,repaid,6.750.000
172,A,135.500.000,2024-04-01,repaid,6.775.000
173,B,230.000.000,2024-03-01,repaid,11.500.000
174,A,138.000.000,2024-03-01,repaid,6.900.000
175,A,135.500.000,2024-04-01,repaid,6.775.000
176,B,230.000.000,2024-03-01,repaid,11.500.000
177,A,137.500.000,2024-06-01,defaulted,-41.250.000
178,B,220.000.000,2024-02-01,repaid,11.000.000
179,C,260.000.000,2024-01-01,repaid,13.000.000
180,C,267.750.000,2024-06-01,repaid,13.387.500
181,A,137.500.000,2024-06-01,repaid,6.875.000
182,A,135.500.000,2024-04-01,repaid,6.775.000
183,A,127.500.000,2024-02-01,repaid,6.375.000
184,B,220.000.000,2024-02-01,repaid,11.000.000
185,B,220.000.000,2024-02-01,repaid,11.000.000
186,A,136.500.000,2024-05-01,repaid,6.825.000
187,C,267.750.000,2024-06-01,repaid,13.387.500
188,C,262.500.000,2024-03-01,repaid,13.125.000
189,B,222.500.000,2024-06-01,repaid,11.125.000
190,A,127.500.000,2024-02-01,repaid,6.375.000
191,C,250.000.000,2024-04-01,repaid,12.500.000
192,C,260.000.000,2024-01-01,defaulted,-78.000.000
193,A,137.500.000,2024-06-01,repaid,6.875.000
194,A,135.000.000,2024-01-01,repaid,6.750.000
195,B,212.500.000,2024-01-01,repaid,10.625.000
196,C,260.000.000,2024-01-01,repaid,13.000.000
197,B,228.000.000,2024-04-01,repaid,11.400.000
198,B,228.000.000,2024-04-01,repaid,11.400.000
199,A,135.500.000,2024-04-01,repaid,6.775.000
200,B,222.500.000,2024-06-01,repaid,11.125.000
201,B,230.000.000,2024-03-01,repaid,11.500.000
202,A,136.500.000,2024-05-01,repaid,6.825.000
203,C,262.500.000,2024-03-01,defaulted,-78.750.000
204,C,265.000.000,2024-05-01,repaid,13.250.000
205,B,226.000.000,2024-05-01,repaid,11.300.000
206,A,138.000.000,2024-03-01,repaid,6.900.000
207,A,136.500.000,2024-05-01,repaid,6.825.000
208,A,137.500.000,2024-06-01,defaulted,-41.250.000
209,C,255.000.000,2024-02-01,repaid,12.750.000
210,A,135.000.000,2024-01-01,repaid,6.750.000
211,B,220.000.000,2024-02-01,repaid,11.000.000
212,A,136.500.000,2024-05-01,defaulted,-40.950.000
213,B,222.500.000,2024-06-01,repaid,11.125.000
214,A,127.500.000,2024-02-01,repaid,6.375.000
215,C,255.000.000,2024-02-01,repaid,12.750.000
216,A,138.000.000,2024-03-01,repaid,6.900.000
217,A,138.000.000,2024-03-01,defaulted,-41.400.000
218,A,137.500.000,2024-06-01,repaid,6.875.000
219,A,127.500.000,2024-02-01,repaid,6.375.000
220,A,135.000.000,2024-01-01,repaid,6.750.000
221,B,226.000.000,2024-05-01,repaid,11.300.000
222,C,265.000.000,2024-05-01,repaid,13.250.000
223,A,135.000.000,2024-01-01,repaid,6.750.000
224,C,260.000.000,2024-01-01,repaid,13.000.000
225,B,230.000.000,2024-03-01,defaulted,-69.000.000
226,A,135.500.000,2024-04-01,repaid,6.775.000
227,A,135.500.000,2024-04-01,repaid,6.775.000
228,A,137.500.000,2024-06-01,repaid,6.875.000
229,A,137.500.000,2024-06-01,repaid,6.875.000
230,A,136.500.000,2024-05-01,repaid,6.825.000
231,A,138.000.000,2024-03-01,repaid,6.900.000
232,A,136.500.000,2024-05-01,repaid,6.825.000
233,B,212.500.000,2024-01-01,repaid,10.625.000
234,A,127.500.000,2024-02-01,repaid,6.375.000
235,B,228.000.000,2024-04-01,repaid,11.400.000
236,B,222.500.000,2024-06-01,repaid,11.125.000
237,A,127.500.000,2024-02-01,repaid,6.375.000
238,A,136.500.000,2024-05-01,repaid,6.825.000
239,A,135.000.000,2024-01-01,repaid,6.750.000
240,A,135.000.000,2024-01-01,repaid,6.750.000
241,A,136.500.000,2024-05-01,repaid,6.825.000
242,C,267.750.000,2024-06-01,repaid,13.387.500
243,A,138.000.000,2024-03-01,repaid,6.900.000
244,A,127.500.000,2024-02-01,repaid,6.375.000
245,A,137.500.000,2024-06-01,repaid,6.875.000
246,A,135.500.000,2024-04-01,repaid,6.775.000
247,A,138.000.000,2024-03-01,repaid,6.900.000
248,A,136.500.000,2024-05-01,repaid,6.825.000
249,A,127.500.000,2024-02-01,repaid,6.375.000
250,A,136.500.000,2024-05-01,repaid,6.825.000
251,A,136.500.000,2024-05-01,repaid,6.825.000
252,C,260.000.000,2024-01-01,repaid,13.000.000
253,C,262.500.000,2024-03-01,repaid,13.125.000
254,A,137.500.000,2024-06-01,repaid,6.875.000
255,B,226.000.000,2024-05-01,repaid,11.300.000
256,A,135.500.000,2024-04-01,repaid,6.775.000
257,A,136.500.000,2024-05-01,repaid,6.825.000
258,C,262.500.000,2024-03-01,repaid,13.125.000
259,A,137.500.000,2024-06-01,repaid,6.875.000
260,B,222.500.000,2024-06-01,repaid,11.125.000
261,A,136.500.000,2024-05-01,repaid,6.825.000
262,A,136.500.000,2024-05-01,repaid,6.825.000
263,A,136.500.000,2024-05-01,repaid,6.825.000
264,C,265.000.000,2024-05-01,repaid,13.250.000
265,B,212.500.000,2024-01-01,repaid,10.625.000
266,C,255.000.000,2024-02-01,repaid,12.750.000
267,C,262.500.000,2024-03-01,repaid,13.125.000
268,A,137.500.000,2024-06-01,repaid,6.875.000
269,A,127.500.000,2024-02-01,repaid,6.375.000
270,B,226.000.000,2024-05-01,repaid,11.300.000
271,A,135.000.000,2024-01-01,repaid,6.750.000
272,B,226.000.000,2024-05-01,repaid,11.300.000
273,A,137.500.000,2024-06-01,repaid,6.875.000
274,A,135.500.000,2024-04-01,repaid,6.775.000
275,A,136.500.000,2024-05-01,repaid,6.825.000
276,C,255.000.000,2024-02-01,repaid,12.750.000
277,C,267.750.000,2024-06-01,repaid,13.387.500
278,A,138.000.000,2024-03-01,repaid,6.900.000
279,B,226.000.000,2024-05-01,repaid,11.300.000
280,C,267.750.000,2024-06-01,repaid,13.387.500
281,B,222.500.000,2024-06-01,repaid,11.125.000
282,A,135.500.000,2024-04-01,repaid,6.775.000
283,B,228.000.000,2024-04-01,repaid,11.400.000
284,A,137.500.000,2024-06-01,repaid,6.875.000
285,A,138.000.000,2024-03-01,repaid,6.900.000
286,A,135.500.000,2024-04-01,repaid,6.775.000
287,A,138.000.000,2024-03-01,repaid,6.900.000
288,B,226.000.000,2024-05-01,repaid,11.300.000
289,A,138.000.000,2024-03-01,repaid,6.900.000
290,C,255.000.000,2024-02-01,repaid,12.750.000
291,A,135.000.000,2024-01-01,repaid,6.750.000
292,C,250.000.000,2024-04-01,repaid,12.500.000
293,C,250.000.000,2024-04-01,repaid,12.500.000
294,B,226.000.000,2024-05-01,repaid,11.300.000
295,B,226.000.000,2024-05-01,repaid,11.300.000
296,C,260.000.000,2024-01-01,repaid,13.000.000
297,A,135.000.000,2024-01-01,repaid,6.750.000
298,C,262.500.000,2024-03-01,repaid,13.125.000
299,C,255.000.000,2024-02-01,repaid,12.750.000
300,C,250.000.000,2024-04-01,repaid,12.500.000
301,A,138.000.000,2024-03-01,repaid,6.900.000
302,C,262.500.000,2024-03-01,repaid,13.125.000
303,A,137.500.000,2024-06-01,repaid,6.875.000
304,B,228.000.000,2024-04-01,repaid,11.400.000
305,C,250.000.000,2024-04-01,repaid,12.500.000
306,A,136.500.000,2024-05-01,repaid,6.825.000
307,A,138.000.000,2024-03-01,repaid,6.900.000
308,B,226.000.000,2024-05-01,defaulted,-67.800.000
309,C,260.000.000,2024-01-01,repaid,13.000.000
310,A,135.000.000,2024-01-01,repaid,6.750.000
311,A,135.500.000,2024-04-01,repaid,6.775.000
312,A,137.500.000,2024-06-01,repaid,6.875.000
313,A,136.500.000,2024-05-01,repaid,6.825.000
314,A,135.500.000,2024-04-01,repaid,6.775.000
315,A,136.500.000,2024-05-01,repaid,6.825.000
316,B,222.500.000,2024-06-01,repaid,11.125.000
317,C,267.750.000,2024-06-01,repaid,13.387.500
318,A,127.500.000,2024-02-01,repaid,6.375.000
319,A,138.000.000,2024-03-01,repaid,6.900.000
320,A,136.500.000,2024-05-01,repaid,6.825.000
321,A,137.500.000,2024-06-01,repaid,6.875.000
322,C,260.000.000,2024-01-01,repaid,13.000.000
323,C,265.000.000,2024-05-01,repaid,13.250.000
324,A,138.000.000,2024-03-01,repaid,6.900.000
325,B,228.000.000,2024-04-01,repaid,11.400.000
326,C,262.500.000,2024-03-01,repaid,13.125.000
327,A,135.000.000,2024-01-01,repaid,6.750.000
328,C,260.000.000,2024-01-01,repaid,13.000.000
329,A,138.000.000,2024-03-01,repaid,6.900.000
330,B,228.000.000,2024-04-01,defaulted,-68.400.000
331,A,137.500.000,2024-06-01,repaid,6.875.000
332,A,137.500.000,2024-06-01,repaid,6.875.000
333,B,220.000.000,2024-02-01,repaid,11.000.000
334,A,127.500.000,2024-02-01,repaid,6.375.000
335,A,136.500.000,2024-05-01,defaulted,-40.950.000
336,A,135.500.000,2024-04-01,repaid,6.775.000
337,A,136.500.000,2024-05-01,repaid,6.825.000
338,C,260.000.000,2024-01-01,repaid,13.000.000
339,B,230.000.000,2024-03-01,repaid,11.500.000
340,A,136.500.000,2024-05-01,repaid,6.825.000
341,A,135.500.000,2024-04-01,repaid,6.775.000
342,A,135.000.000,2024-01-01,repaid,6.750.000
343,A,138.000.000,2024-03-01,repaid,6.900.000
344,A,136.500.000,2024-05-01,repaid,6.825.000
345,C,267.750.000,2024-06-01,repaid,13.387.500
346,A,127.500.000,2024-02-01,repaid,6.375.000
347,C,262.500.000,2024-03-01,repaid,13.125.000
348,C,260.000.000,2024-01-01,repaid,13.000.000
349,A,138.000.000,2024-03-01,repaid,6.900.000
350,B,226.000.000,2024-05-01,repaid,11.300.000
351,A,138.000.000,2024-03-01,repaid,6.900.000
352,B,226.000.000,2024-05-01,repaid,11.300.000
353,B,222.500.000,2024-06-01,repaid,11.125.000
354,A,127.500.000,2024-02-01,repaid,6.375.000
355,A,138.000.000,2024-03-01,repaid,6.900.000
356,B,212.500.000,2024-01-01,repaid,10.625.000
357,A,137.500.000,2024-06-01,repaid,6.875.000
358,C,250.000.000,2024-04-01,repaid,12.500.000
359,A,137.500.000,2024-06-01,repaid,6.875.000
360,A,137.500.000,2024-06-01,repaid,6.875.000
361,A,138.000.000,2024-03-01,repaid,6.900.000
362,A,138.000.000,2024-03-01,repaid,6.900.000
363,B,222.500.000,2024-06-01,defaulted,-66.750.000
364,A,137.500.000,2024-06-01,repaid,6.875.000
365,A,127.500.000,2024-02-01,repaid,6.375.000
366,C,262.500.000,2024-03-01,repaid,13.125.000
367,A,135.500.000,2024-04-01,repaid,6.775.000
368,B,228.000.000,2024-04-01,repaid,11.400.000
369,C,260.000.000,2024-01-01,repaid,13.000.000
370,B,230.000.000,2024-03-01,repaid,11.500.000
371,A,136.500.000,2024-05-01,repaid,6.825.000
372,A,136.500.000,2024-05-01,repaid,6.825.000
373,A,127.500.000,2024-02-01,repaid,6.375.000
374,A,137.500.000,2024-06-01,repaid,6.875.000
375,C,255.000.000,2024-02-01,repaid,12.750.000
376,A,137.500.000,2024-06-01,repaid,6.875.000
377,A,138.000.000,2024-03-01,repaid,6.900.000
378,A,138.000.000,2024-03-01,repaid,6.900.000
379,A,136.500.000,2024-05-01,repaid,6.825.000
380,A,136.500.000,2024-05-01,repaid,6.825.000
381,A,137.500.000,2024-06-01,repaid,6.875.000
382,A,135.500.000,2024-04-01,repaid,6.775.000
383,A,136.500.000,2024-05-01,repaid,6.825.000
384,B,230.000.000,2024-03-01,repaid,11.500.000
385,B,222.500.000,2024-06-01,repaid,11.125.000
386,B,228.000.000,2024-04-01,repaid,11.400.000
387,A,137.500.000,2024-06-01,repaid,6.875.000
388,C,260.000.000,2024-01-01,repaid,13.000.000
389,A,135.500.000,2024-04-01,repaid,6.775.000
390,A,135.500.000,2024-04-01,repaid,6.775.000
391,B,222.500.000,2024-06-01,repaid,11.125.000
392,B,230.000.000,2024-03-01,repaid,11.500.000
393,A,138.000.000,2024-03-01,defaulted,-41.400.000
394,C,250.000.000,2024-04-01,repaid,12.500.000
395,C,267.750.000,2024-06-01,repaid,13.387.500
396,A,136.500.000,2024-05-01,repaid,6.825.000
397,B,226.000.000,2024-05-01,repaid,11.300.000
398,A,137.500.000,2024-06-01,repaid,6.875.000
399,A,127.500.000,2024-02-01,repaid,6.375.000
400,B,226.000.000,2024-05-01,repaid,11.300.000
401,B,212.500.000,2024-01-01,repaid,10.625.000
402,A,136.500.000,2024-05-01,repaid,6.825.000
403,A,135.500.000,2024-04-01,repaid,6.775.000
404,C,250.000.000,2024-04-01,repaid,12.500.000
405,C,260.000.000,2024-01-01,repaid,13.000.000
406,B,228.000.000,2024-04-01,repaid,11.400.000
407,C,255.000.000,2024-02-01,repaid,12.750.000
408,A,135.500.000,2024-04-01,repaid,6.775.000
409,A,136.500.000,2024-05-01,repaid,6.825.000
410,B,228.000.000,2024-04-01,repaid,11.400.000
411,C,260.000.000,2024-01-01,defaulted,-78.000.000
412,C,265.000.000,2024-05-01,repaid,13.250.000
413,A,136.500.000,2024-05-01,repaid,6.825.000
414,A,137.500.000,2024-06-01,repaid,6.875.000
415,A,135.000.000,2024-01-01,repaid,6.750.000
416,A,127.500.000,2024-02-01,repaid,6.375.000
417,B,222.500.000,2024-06-01,repaid,11.125.000
418,A,136.500.000,2024-05-01,repaid,6.825.000
419,C,260.000.000,2024-01-01,repaid,13.000.000
420,A,138.000.000,2024-03-01,repaid,6.900.000
421,C,260.000.000,2024-01-01,repaid,13.000.000
422,C,260.000.000,2024-01-01,repaid,13.000.000
423,A,135.000.000,2024-01-01,repaid,6.750.000
424,B,222.500.000,2024-06-01,repaid,11.125.000
425,A,137.500.000,2024-06-01,repaid,6.875.000
426,B,228.000.000,2024-04-01,repaid,11.400.000
427,B,226.000.000,2024-05-01,repaid,11.300.000
428,A,127.500.000,2024-02-01,repaid,6.375.000
429,A,137.500.000,2024-06-01,repaid,6.875.000
430,B,230.000.000,2024-03-01,repaid,11.500.000
431,A,137.500.000,2024-06-01,defaulted,-41.250.000
432,A,138.000.000,2024-03-01,repaid,6.900.000
433,A,137.500.000,2024-06-01,repaid,6.875.000
434,A,136.500.000,2024-05-01,defaulted,-40.950.000
435,B,222.500.000,2024-06-01,repaid,11.125.000
436,C,250.000.000,2024-04-01,repaid,12.500.000
437,A,127.500.000,2024-02-01,repaid,6.375.000
438,A,136.500.000,2024-05-01,repaid,6.825.000
439,C,267.750.000,2024-06-01,repaid,13.387.500
440,A,135.000.000,2024-01-01,repaid,6.750.000
441,B,212.500.000,2024-01-01,repaid,10.625.000
442,C,265.000.000,2024-05-01,defaulted,-79.500.000
443,B,222.500.000,2024-06-01,defaulted,-66.750.000
444,B,222.500.000,2024-06-01,repaid,11.125.000
445,A,137.500.000,2024-06-01,repaid,6.875.000
446,C,267.750.000,2024-06-01,repaid,13.387.500
447,C,250.000.000,2024-04-01,repaid,12.500.000
448,B,226.000.000,2024-05-01,repaid,11.300.000
449,A,138.000.000,2024-03-01,repaid,6.900.000
450,A,127.500.000,2024-02-01,repaid,6.375.000
451,A,137.500.000,2024-06-01,repaid,6.875.000
452,A,137.500.000,2024-06-01,repaid,6.875.000
453,B,212.500.000,2024-01-01,repaid,10.625.000
454,A,135.000.000,2024-01-01,repaid,6.750.000
455,C,265.000.000,2024-05-01,repaid,13.250.000
456,A,138.000.000,2024-03-01,repaid,6.900.000
457,A,137.500.000,2024-06-01,repaid,6.875.000
458,B,222.500.000,2024-06-01,repaid,11.125.000
459,C,262.500.000,2024-03-01,repaid,13.125.000
460,A,137.500.000,2024-06-01,repaid,6.875.000
461,A,135.000.000,2024-01-01,repaid,6.750.000
462,A,138.000.000,2024-03-01,repaid,6.900.000
463,B,212.500.000,2024-01-01,repaid,10.625.000
464,A,135.000.000,2024-01-01,repaid,6.750.000
465,B,212.500.000,2024-01-01,repaid,10.625.000
466,A,137.500.000,2024-06-01,repaid,6.875.000
467,A,136.500.000,2024-05-01,repaid,6.825.000
468,A,127.500.000,2024-02-01,repaid,6.375.000
469,A,137.500.000,2024-06-01,repaid,6.875.000
470,B,228.000.000,2024-04-01,repaid,11.400.000
471,B,228.000.000,2024-04-01,repaid,11.400.000
472,B,228.000.000,2024-04-01,repaid,11.400.000
473,C,260.000.000,2024-01-01,repaid,13.000.000
474,C,250.000.000,2024-04-01,repaid,12.500.000
475,C,255.000.000,2024-02-01,repaid,12.750.000
476,C,267.750.000,2024-06-01,defaulted,-80.325.000
477,A,137.500.000,2024-06-01,repaid,6.875.000
478,C,262.500.000,2024-03-01,repaid,13.125.000
479,B,226.000.000,2024-05-01,defaulted,-67.800.000
480,A,127.500.000,2024-02-01,repaid,6.375.000
481,A,136.500.000,2024-05-01,repaid,6.825.000
482,A,135.000.000,2024-01-01,repaid,6.750.000
483,C,250.000.000,2024-04-01,repaid,12.500.000
484,C,262.500.000,2024-03-01,repaid,13.125.000
485,B,228.000.000,2024-04-01,defaulted,-68.400.000
486,C,260.000.000,2024-01-01,repaid,13.000.000
487,C,260.000.000,2024-01-01,repaid,13.000.000
488,B,220.000.000,2024-02-01,repaid,11.000.000
489,A,138.000.000,2024-03-01,defaulted,-41.400.000
490,A,135.500.000,2024-04-01,repaid,6.775.000
491,A,135.500.000,2024-04-01,repaid,6.775.000
492,A,136.500.000,2024-05-01,repaid,6.825.000
493,A,137.500.000,2024-06-01,repaid,6.875.000
494,B,222.500.000,2024-06-01,repaid,11.125.000
495,B,230.000.000,2024-03-01,defaulted,-69.000.000
496,B,212.500.000,2024-01-01,repaid,10.625.000
497,A,136.500.000,2024-05-01,repaid,6.825.000
498,C,260.000.000,2024-01-01,repaid,13.000.000
499,B,226.000.000,2024-05-01,repaid,11.300.000
500,A,138.000.000,2024-03-01,repaid,6.900.000
501,A,136.500.000,2024-05-01,repaid,6.825.000
502,A,135.000.000,2024-01-01,repaid,6.750.000
503,B,220.000.000,2024-02-01,repaid,11.000.000
504,B,230.000.000,2024-03-01,repaid,11.500.000
505,B,220.000.000,2024-02-01,repaid,11.000.000
506,A,138.000.000,2024-03-01,repaid,6.900.000
507,A,135.500.000,2024-04-01,repaid,6.775.000
508,C,260.000.000,2024-01-01,repaid,13.000.000
509,B,226.000.000,2024-05-01,repaid,11.300.000
510,A,135.500.000,2024-04-01,repaid,6.775.000
511,C,265.000.000,2024-05-01,repaid,13.250.000
512,A,135.500.000,2024-04-01,repaid,6.775.000
513,A,136.500.000,2024-05-01,repaid,6.825.000
514,C,267.750.000,2024-06-01,defaulted,-80.325.000
515,A,138.000.000,2024-03-01,repaid,6.900.000
516,C,262.500.000,2024-03-01,repaid,13.125.000
517,B,228.000.000,2024-04-01,repaid,11.400.000
518,A,135.500.000,2024-04-01,repaid,6.775.000
519,C,262.500.000,2024-03-01,repaid,13.125.000
520,A,137.500.000,2024-06-01,repaid,6.875.000
521,B,230.000.000,2024-03-01,repaid,11.500.000
522,B,230.000.000,2024-03-01,repaid,11.500.000
523,C,255.000.000,2024-02-01,repaid,12.750.000
524,A,138.000.000,2024-03-01,repaid,6.900.000
525,A,137.500.000,2024-06-01,repaid,6.875.000
526,B,230.000.000,2024-03-01,repaid,11.500.000
527,B,228.000.000,2024-04-01,repaid,11.400.000
528,C,267.750.000,2024-06-01,repaid,13.387.500
529,A,136.500.000,2024-05-01,repaid,6.825.000
530,C,265.000.000,2024-05-01,repaid,13.250.000
531,C,265.000.000,2024-05-01,repaid,13.250.000
532,C,265.000.000,2024-05-01,repaid,13.250.000
533,B,222.500.000,2024-06-01,repaid,11.125.000
534,A,135.000.000,2024-01-01,repaid,6.750.000
535,A,138.000.000,2024-03-01,repaid,6.900.000
536,A,127.500.000,2024-02-01,repaid,6.375.000
537,B,230.000.000,2024-03-01,repaid,11.500.000
538,B,222.500.000,2024-06-01,defaulted,-66.750.000
539,B,230.000.000,2024-03-01,repaid,11.500.000
540,B,220.000.000,2024-02-01,defaulted,-66.000.000
541,A,137.500.000,2024-06-01,repaid,6.875.000
542,B,222.500.000,2024-06-01,repaid,11.125.000
543,A,136.500.000,2024-05-01,repaid,6.825.000
544,A,135.000.000,2024-01-01,repaid,6.750.000
545,A,135.000.000,2024-01-01,repaid,6.750.000
546,B,226.000.000,2024-05-01,repaid,11.300.000
547,B,220.000.000,2024-02-01,repaid,11.000.000
548,B,222.500.000,2024-06-01,repaid,11.125.000
549,A,138.000.000,2024-03-01,repaid,6.900.000
550,B,212.500.000,2024-01-01,repaid,10.625.000
551,B,228.000.000,2024-04-01,repaid,11.400.000
552,A,137.500.000,2024-06-01,repaid,6.875.000
553,C,265.000.000,2024-05-01,repaid,13.250.000
554,A,135.000.000,2024-01-01,repaid,6.750.000
555,B,230.000.000,2024-03-01,defaulted,-69.000.000
556,A,138.000.000,2024-03-01,repaid,6.900.000
557,A,137.500.000,2024-06-01,repaid,6.875.000
558,A,137.500.000,2024-06-01,defaulted,-41.250.000
559,C,262.500.000,2024-03-01,defaulted,-78.750.000
560,A,136.500.000,2024-05-01,repaid,6.825.000
561,B,228.000.000,2024-04-01,repaid,11.400.000
562,B,220.000.000,2024-02-01,repaid,11.000.000
563,C,267.750.000,2024-06-01,repaid,13.387.500
564,A,135.000.000,2024-01-01,repaid,6.750.000
565,A,137.500.000,2024-06-01,repaid,6.875.000
566,C,265.000.000,2024-05-01,defaulted,-79.500.000
567,A,127.500.000,2024-02-01,repaid,6.375.000
568,B,230.000.000,2024-03-01,repaid,11.500.000
569,C,260.000.000,2024-01-01,repaid,13.000.000
570,C,260.000.000,2024-01-01,repaid,13.000.000
571,A,135.000.000,2024-01-01,repaid,6.750.000
572,A,137.500.000,2024-06-01,repaid,6.875.000
573,A,127.500.000,2024-02-01,repaid,6.375.000
574,A,135.000.000,2024-01-01,repaid,6.750.000
575,A,136.500.000,2024-05-01,repaid,6.825.000
576,C,255.000.000,2024-02-01,repaid,12.750.000
577,A,137.500.000,2024-06-01,repaid,6.875.000
578,C,250.000.000,2024-04-01,repaid,12.500.000
579,B,222.500.000,2024-06-01,repaid,11.125.000
580,B,220.000.000,2024-02-01,repaid,11.000.000
581,A,138.000.000,2024-03-01,repaid,6.900.000
582,C,265.000.000,2024-05-01,repaid,13.250.000
583,B,226.000.000,2024-05-01,repaid,11.300.000
584,A,137.500.000,2024-06-01,repaid,6.875.000
585,A,135.000.000,2024-01-01,repaid,6.750.000
586,C,265.000.000,2024-05-01,repaid,13.250.000
587,B,226.000.000,2024-05-01,repaid,11.300.000
588,C,265.000.000,2024-05-01,repaid,13.250.000
589,C,262.500.000,2024-03-01,repaid,13.125.000
590,A,127.500.000,2024-02-01,repaid,6.375.000
591,C,250.000.000,2024-04-01,repaid,12.500.000
592,A,127.500.000,2024-02-01,repaid,6.375.000
593,A,127.500.000,2024-02-01,repaid,6.375.000
594,C,250.000.000,2024-04-01,repaid,12.500.000
595,C,250.000.000,2024-04-01,repaid,12.500.000
596,C,262.500.000,2024-03-01,repaid,13.125.000
597,A,135.000.000,2024-01-01,repaid,6.750.000
598,C,260.000.000,2024-01-01,repaid,13.000.000
599,C,260.000.000,2024-01-01,repaid,13.000.000
600,A,135.000.000,2024-01-01,repaid,6.750.000
601,B,228.000.000,2024-04-01,repaid,11.400.000
602,B,226.000.000,2024-05-01,repaid,11.300.000
603,A,135.000.000,2024-01-01,repaid,6.750.000
604,B,212.500.000,2024-01-01,repaid,10.625.000
605,B,226.000.000,2024-05-01,repaid,11.300.000
606,A,135.000.000,2024-01-01,repaid,6.750.000
607,A,137.500.000,2024-06-01,repaid,6.875.000
608,A,127.500.000,2024-02-01,repaid,6.375.000
609,A,138.000.000,2024-03-01,repaid,6.900.000
610,B,220.000.000,2024-02-01,repaid,11.000.000
611,C,262.500.000,2024-03-01,repaid,13.125.000
612,A,135.000.000,2024-01-01,repaid,6.750.000
613,C,262.500.000,2024-03-01,repaid,13.125.000
614,C,255.000.000,2024-02-01,repaid,12.750.000
615,A,135.500.000,2024-04-01,repaid,6.775.000
616,B,230.000.000,2024-03-01,repaid,11.500.000
617,B,220.000.000,2024-02-01,repaid,11.000.000
618,A,135.500.000,2024-04-01,repaid,6.775.000
619,C,267.750.000,2024-06-01,repaid,13.387.500
620,C,262.500.000,2024-03-01,repaid,13.125.000
621,A,127.500.000,2024-02-01,repaid,6.375.000
622,A,137.500.000,2024-06-01,repaid,6.875.000
623,B,228.000.000,2024-04-01,repaid,11.400.000
624,C,260.000.000,2024-01-01,repaid,13.000.000
625,C,265.000.000,2024-05-01,repaid,13.250.000
626,A,135.000.000,2024-01-01,defaulted,-40.500.000
627,A,127.500.000,2024-02-01,repaid,6.375.000
628,A,138.000.000,2024-03-01,repaid,6.900.000
629,A,136.500.000,2024-05-01,repaid,6.825.000
630,A,135.000.000,2024-01-01,repaid,6.750.000
631,C,262.500.000,2024-03-01,repaid,13.125.000
632,A,138.000.000,2024-03-01,repaid,6.900.000
633,B,212.500.000,2024-01-01,repaid,10.625.000
634,B,212.500.000,2024-01-01,repaid,10.625.000
635,C,260.000.000,2024-01-01,repaid,13.000.000
636,A,137.500.000,2024-06-01,repaid,6.875.000
637,A,135.000.000,2024-01-01,repaid,6.750.000
638,A,137.500.000,2024-06-01,repaid,6.875.000
639,A,135.000.000,2024-01-01,repaid,6.750.000
640,C,262.500.000,2024-03-01,repaid,13.125.000
641,A,138.000.000,2024-03-01,repaid,6.900.000
642,C,265.000.000,2024-05-01,repaid,13.250.000
643,A,135.500.000,2024-04-01,repaid,6.775.000
644,C,265.000.000,2024-05-01,repaid,13.250.000
645,B,212.500.000,2024-01-01,repaid,10.625.000
646,A,137.500.000,2024-06-01,repaid,6.875.000
647,B,228.000.000,2024-04-01,repaid,11.400.000
648,A,127.500.000,2024-02-01,repaid,6.375.000
649,A,135.500.000,2024-04-01,repaid,6.775.000
650,A,137.500.000,2024-06-01,repaid,6.875.000
651,C,267.750.000,2024-06-01,repaid,13.387.500
652,A,135.000.000,2024-01-01,repaid,6.750.000
653,B,212.500.000,2024-01-01,repaid,10.625.000
654,C,265.000.000,2024-05-01,defaulted,-79.500.000
655,A,138.000.000,2024-03-01,repaid,6.900.000
656,C,250.000.000,2024-04-01,repaid,12.500.000
657,B,220.000.000,2024-02-01,repaid,11.000.000
658,C,265.000.000,2024-05-01,repaid,13.250.000
659,A,136.500.000,2024-05-01,repaid,6.825.000
660,A,136.500.000,2024-05-01,repaid,6.825.000
661,C,265.000.000,2024-05-01,defaulted,-79.500.000
662,A,135.500.000,2024-04-01,repaid,6.775.000
663,A,127.500.000,2024-02-01,repaid,6.375.000
664,A,138.000.000,2024-03-01,repaid,6.900.000
665,A,138.000.000,2024-03-01,repaid,6.900.000
666,B,226.000.000,2024-05-01,repaid,11.300.000
667,B,226.000.000,2024-05-01,repaid,11.300.000
668,A,135.500.000,2024-04-01,repaid,6.775.000
669,A,137.500.000,2024-06-01,repaid,6.875.000
670,A,137.500.000,2024-06-01,repaid,6.875.000
671,A,138.000.000,2024-03-01,repaid,6.900.000
672,A,135.000.000,2024-01-01,repaid,6.750.000
673,A,135.500.000,2024-04-01,repaid,6.775.000
674,A,136.500.000,2024-05-01,repaid,6.825.000
675,C,265.000.000,2024-05-01,repaid,13.250.000
676,A,135.500.000,2024-04-01,repaid,6.775.000
677,A,135.000.000,2024-01-01,repaid,6.750.000
678,B,220.000.000,2024-02-01,repaid,11.000.000
679,A,137.500.000,2024-06-01,repaid,6.875.000
680,A,135.500.000,2024-04-01,repaid,6.775.000
681,B,230.000.000,2024-03-01,repaid,11.500.000
682,A,137.500.000,2024-06-01,repaid,6.875.000
683,C,265.000.000,2024-05-01,repaid,13.250.000
684,B,228.000.000,2024-04-01,repaid,11.400.000
685,A,135.500.000,2024-04-01,repaid,6.775.000
686,B,226.000.000,2024-05-01,defaulted,-67.800.000
687,A,138.000.000,2024-03-01,repaid,6.900.000
688,A,138.000.000,2024-03-01,repaid,6.900.000
689,A,136.500.000,2024-05-01,repaid,6.825.000
690,A,138.000.000,2024-03-01,repaid,6.900.000
691,A,127.500.000,2024-02-01,repaid,6.375.000
692,A,137.500.000,2024-06-01,repaid,6.875.000
693,B,220.000.000,2024-02-01,repaid,11.000.000
694,A,135.000.000,2024-01-01,repaid,6.750.000
695,B,226.000.000,2024-05-01,repaid,11.300.000
696,B,230.000.000,2024-03-01,repaid,11.500.000
697,A,136.500.000,2024-05-01,repaid,6.825.000
698,B,222.500.000,2024-06-01,repaid,11.125.000
699,A,138.000.000,2024-03-01,repaid,6.900.000
700,B,230.000.000,2024-03-01,repaid,11.500.000
701,A,127.500.000,2024-02-01,repaid,6.375.000
702,A,135.000.000,2024-01-01,repaid,6.750.000
703,A,135.000.000,2024-01-01,repaid,6.750.000
704,A,136.500.000,2024-05-01,repaid,6.825.000
705,A,138.000.000,2024-03-01,repaid,6.900.000
706,A,135.000.000,2024-01-01,repaid,6.750.000
707,A,138.000.000,2024-03-01,repaid,6.900.000
708,B,222.500.000,2024-06-01,repaid,11.125.000
709,A,135.500.000,2024-04-01,repaid,6.775.000
710,C,265.000.000,2024-05-01,repaid,13.250.000
711,A,135.000.000,2024-01-01,repaid,6.750.000
712,A,137.500.000,2024-06-01,repaid,6.875.000
713,C,267.750.000,2024-06-01,repaid,13.387.500
714,A,127.500.000,2024-02-01,repaid,6.375.000
715,C,265.000.000,2024-05-01,repaid,13.250.000
716,C,250.000.000,2024-04-01,repaid,12.500.000
717,A,136.500.000,2024-05-01,repaid,6.825.000
718,B,220.000.000,2024-02-01,repaid,11.000.000
719,B,212.500.000,2024-01-01,repaid,10.625.000
720,A,135.000.000,2024-01-01,repaid,6.750.000
721,C,262.500.000,2024-03-01,repaid,13.125.000
722,C,267.750.000,2024-06-01,repaid,13.387.500
723,B,226.000.000,2024-05-01,repaid,11.300.000
724,A,137.500.000,2024-06-01,repaid,6.875.000
725,A,138.000.000,2024-03-01,repaid,6.900.000
726,B,230.000.000,2024-03-01,repaid,11.500.000
727,B,230.000.000,2024-03-01,repaid,11.500.000
728,A,135.500.000,2024-04-01,repaid,6.775.000
729,C,267.750.000,2024-06-01,repaid,13.387.500
730,C,260.000.000,2024-01-01,defaulted,-78.000.000
731,A,137.500.000,2024-06-01,repaid,6.875.000
732,C,260.000.000,2024-01-01,repaid,13.000.000
733,A,135.500.000,2024-04-01,repaid,6.775.000
734,B,230.000.000,2024-03-01,repaid,11.500.000
735,A,136.500.000,2024-05-01,repaid,6.825.000
736,A,138.000.000,2024-03-01,repaid,6.900.000
737,A,135.000.000,2024-01-01,repaid,6.750.000
738,C,267.750.000,2024-06-01,repaid,13.387.500
739,A,138.000.000,2024-03-01,repaid,6.900.000
740,A,135.000.000,2024-01-01,repaid,6.750.000
741,B,212.500.000,2024-01-01,repaid,10.625.000
742,A,127.500.000,2024-02-01,repaid,6.375.000
743,B,222.500.000,2024-06-01,repaid,11.125.000
744,A,135.000.000,2024-01-01,repaid,6.750.000
745,B,230.000.000,2024-03-01,defaulted,-69.000.000
746,A,135.000.000,2024-01-01,repaid,6.750.000
747,A,136.500.000,2024-05-01,repaid,6.825.000
748,A,137.500.000,2024-06-01,defaulted,-41.250.000
749,A,135.500.000,2024-04-01,repaid,6.775.000
750,C,255.000.000,2024-02-01,repaid,12.750.000
751,A,135.500.000,2024-04-01,defaulted,-40.650.000
752,B,220.000.000,2024-02-01,repaid,11.000.000
753,A,135.000.000,2024-01-01,repaid,6.750.000
754,A,137.500.000,2024-06-01,repaid,6.875.000
755,A,135.500.000,2024-04-01,defaulted,-40.650.000
756,A,135.500.000,2024-04-01,repaid,6.775.000
757,A,138.000.000,2024-03-01,repaid,6.900.000
758,A,138.000.000,2024-03-01,repaid,6.900.000
759,A,135.500.000,2024-04-01,repaid,6.775.000
760,C,260.000.000,2024-01-01,repaid,13.000.000
761,B,220.000.000,2024-02-01,repaid,11.000.000
762,A,138.000.000,2024-03-01,repaid,6.900.000
763,A,127.500.000,2024-02-01,repaid,6.375.000
764,B,222.500.000,2024-06-01,repaid,11.125.000
765,A,127.500.000,2024-02-01,repaid,6.375.000
766,B,230.000.000,2024-03-01,repaid,11.500.000
767,B,220.000.000,2024-02-01,repaid,11.000.000
768,A,138.000.000,2024-03-01,repaid,6.900.000
769,B,222.500.000,2024-06-01,repaid,11.125.000
770,B,212.500.000,2024-01-01,repaid,10.625.000
771,A,135.000.000,2024-01-01,repaid,6.750.000
772,A,136.500.000,2024-05-01,repaid,6.825.000
773,A,135.000.000,2024-01-01,repaid,6.750.000
774,B,222.500.000,2024-06-01,repaid,11.125.000
775,B,212.500.000,2024-01-01,repaid,10.625.000
776,A,137.500.000,2024-06-01,repaid,6.875.000
777,C,250.000.000,2024-04-01,repaid,12.500.000
778,A,137.500.000,2024-06-01,repaid,6.875.000
779,A,138.000.000,2024-03-01,repaid,6.900.000
780,C,262.500.000,2024-03-01,repaid,13.125.000
781,A,138.000.000,2024-03-01,repaid,6.900.000
782,B,228.000.000,2024-04-01,repaid,11.400.000
783,A,138.000.000,2024-03-01,repaid,6.900.000
784,A,135.000.000,2024-01-01,repaid,6.750.000
785,A,127.500.000,2024-02-01,repaid,6.375.000
786,A,137.500.000,2024-06-01,repaid,6.875.000
787,A,137.500.000,2024-06-01,repaid,6.875.000
788,C,267.750.000,2024-06-01,repaid,13.387.500
789,A,136.500.000,2024-05-01,repaid,6.825.000
790,B,228.000.000,2024-04-01,repaid,11.400.000
791,A,135.500.000,2024-04-01,repaid,6.775.000
792,B,226.000.000,2024-05-01,repaid,11.300.000
793,A,136.500.000,2024-05-01,repaid,6.825.000
794,B,220.000.000,2024-02-01,repaid,11.000.000
795,C,267.750.000,2024-06-01,defaulted,-80.325.000
796,A,136.500.000,2024-05-01,repaid,6.825.000
797,A,135.000.000,2024-01-01,repaid,6.750.000
798,B,212.500.000,2024-01-01,repaid,10.625.000
799,A,137.500.000,2024-06-01,repaid,6.875.000
800,A,127.500.000,2024-02-01,repaid,6.375.000
801,A,135.500.000,2024-04-01,repaid,6.775.000
802,C,265.000.000,2024-05-01,repaid,13.250.000
803,A,135.500.000,2024-04-01,repaid,6.775.000
804,A,127.500.000,2024-02-01,repaid,6.375.000
805,A,137.500.000,2024-06-01,repaid,6.875.000
806,B,230.000.000,2024-03-01,repaid,11.500.000
807,A,136.500.000,2024-05-01,repaid,6.825.000
808,A,138.000.000,2024-03-01,repaid,6.900.000
809,A,138.000.000,2024-03-01,repaid,6.900.000
810,A,136.500.000,2024-05-01,repaid,6.825.000
811,A,135.500.000,2024-04-01,repaid,6.775.000
812,A,135.500.000,2024-04-01,repaid,6.775.000
813,B,220.000.000,2024-02-01,repaid,11.000.000
814,C,260.000.000,2024-01-01,defaulted,-78.000.000
815,A,135.500.000,2024-04-01,repaid,6.775.000
816,A,136.500.000,2024-05-01,repaid,6.825.000
817,A,127.500.000,2024-02-01,repaid,6.375.000
818,A,138.000.000,2024-03-01,repaid,6.900.000
819,A,138.000.000,2024-03-01,repaid,6.900.000
820,A,137.500.000,2024-06-01,repaid,6.875.000
821,C,262.500.000,2024-03-01,defaulted,-78.750.000
822,B,220.000.000,2024-02-01,repaid,11.000.000
823,A,135.500.000,2024-04-01,repaid,6.775.000
824,C,255.000.000,2024-02-01,repaid,12.750.000
825,A,135.000.000,2024-01-01,repaid,6.750.000
826,A,137.500.000,2024-06-01,repaid,6.875.000
827,A,137.500.000,2024-06-01,defaulted,-41.250.000
828,A,136.500.000,2024-05-01,repaid,6.825.000
829,A,127.500.000,2024-02-01,defaulted,-38.250.000
830,B,220.000.000,2024-02-01,repaid,11.000.000
831,C,267.750.000,2024-06-01,repaid,13.387.500
832,A,138.000.000,2024-03-01,repaid,6.900.000
833,C,255.000.000,2024-02-01,repaid,12.750.000
834,A,135.000.000,2024-01-01,repaid,6.750.000
835,A,138.000.000,2024-03-01,repaid,6.900.000
836,C,250.000.000,2024-04-01,repaid,12.500.000
837,B,228.000.000,2024-04-01,defaulted,-68.400.000
838,A,135.000.000,2024-01-01,repaid,6.750.000
839,A,137.500.000,2024-06-01,repaid,6.875.000
840,B,230.000.000,2024-03-01,repaid,11.500.000
841,A,135.500.000,2024-04-01,repaid,6.775.000
842,B,230.000.000,2024-03-01,repaid,11.500.000
843,C,265.000.000,2024-05-01,repaid,13.250.000
844,B,228.000.000,2024-04-01,repaid,11.400.000
845,B,230.000.000,2024-03-01,repaid,11.500.000
846,B,212.500.000,2024-01-01,repaid,10.625.000
847,A,138.000.000,2024-03-01,repaid,6.900.000
848,C,250.000.000,2024-04-01,repaid,12.500.000
849,C,255.000.000,2024-02-01,repaid,12.750.000
850,B,226.000.000,2024-05-01,repaid,11.300.000
851,C,267.750.000,2024-06-01,repaid,13.387.500
852,B,228.000.000,2024-04-01,repaid,11.400.000
853,A,135.000.000,2024-01-01,repaid,6.750.000
854,C,267.750.000,2024-06-01,repaid,13.387.500
855,B,228.000.000,2024-04-01,repaid,11.400.000
856,B,228.000.000,2024-04-01,defaulted,-68.400.000
857,C,260.000.000,2024-01-01,repaid,13.000.000
858,B,220.000.000,2024-02-01,repaid,11.000.000
859,B,226.000.000,2024-05-01,repaid,11.300.000
860,C,255.000.000,2024-02-01,repaid,12.750.000
861,C,250.000.000,2024-04-01,repaid,12.500.000
862,B,212.500.000,2024-01-01,repaid,10.625.000
863,A,135.000.000,2024-01-01,repaid,6.750.000
864,C,260.000.000,2024-01-01,repaid,13.000.000
865,C,267.750.000,2024-06-01,repaid,13.387.500
866,C,260.000.000,2024-01-01,repaid,13.000.000
867,B,228.000.000,2024-04-01,repaid,11.400.000
868,B,230.000.000,2024-03-01,repaid,11.500.000
869,B,222.500.000,2024-06-01,repaid,11.125.000
870,A,127.500.000,2024-02-01,repaid,6.375.000
871,B,220.000.000,2024-02-01,repaid,11.000.000
872,B,230.000.000,2024-03-01,repaid,11.500.000
873,A,138.000.000,2024-03-01,repaid,6.900.000
874,A,138.000.000,2024-03-01,repaid,6.900.000
875,C,260.000.000,2024-01-01,repaid,13.000.000
876,A,135.500.000,2024-04-01,repaid,6.775.000
877,A,135.500.000,2024-04-01,repaid,6.775.000
878,A,127.500.000,2024-02-01,repaid,6.375.000
879,B,222.500.000,2024-06-01,repaid,11.125.000
880,A,138.000.000,2024-03-01,repaid,6.900.000
881,A,137.500.000,2024-06-01,repaid,6.875.000
882,A,137.500.000,2024-06-01,repaid,6.875.000
883,C,250.000.000,2024-04-01,repaid,12.500.000
884,A,136.500.000,2024-05-01,defaulted,-40.950.000
885,A,127.500.000,2024-02-01,repaid,6.375.000
886,B,228.000.000,2024-04-01,repaid,11.400.000
887,C,265.000.000,2024-05-01,repaid,13.250.000
888,A,127.500.000,2024-02-01,repaid,6.375.000
889,A,137.500.000,2024-06-01,repaid,6.875.000
890,A,135.000.000,2024-01-01,repaid,6.750.000
891,C,265.000.000,2024-05-01,repaid,13.250.000
892,A,135.500.000,2024-04-01,repaid,6.775.000
893,B,220.000.000,2024-02-01,repaid,11.000.000
894,A,135.000.000,2024-01-01,repaid,6.750.000
895,B,228.000.000,2024-04-01,repaid,11.400.000
896,A,136.500.000,2024-05-01,repaid,6.825.000
897,B,222.500.000,2024-06-01,repaid,11.125.000
898,B,230.000.000,2024-03-01,repaid,11.500.000
899,B,222.500.000,2024-06-01,repaid,11.125.000
900,A,136.500.000,2024-05-01,repaid,6.825.000
901,C,267.750.000,2024-06-01,repaid,13.387.500
902,A,135.500.000,2024-04-01,repaid,6.775.000
903,C,262.500.000,2024-03-01,repaid,13.125.000
904,A,138.000.000,2024-03-01,repaid,6.900.000
905,A,137.500.000,2024-06-01,repaid,6.875.000
906,C,250.000.000,2024-04-01,repaid,12.500.000
907,A,137.500.000,2024-06-01,repaid,6.875.000
908,A,127.500.000,2024-02-01,repaid,6.375.000
909,C,260.000.000,2024-01-01,repaid,13.000.000
910,A,135.000.000,2024-01-01,repaid,6.750.000
911,A,138.000.000,2024-03-01,repaid,6.900.000
912,B,212.500.000,2024-01-01,defaulted,-63.750.000
913,A,136.500.000,2024-05-01,repaid,6.825.000
914,C,265.000.000,2024-05-01,repaid,13.250.000
915,A,127.500.000,2024-02-01,repaid,6.375.000
916,A,137.500.000,2024-06-01,repaid,6.875.000
917,B,228.000.000,2024-04-01,defaulted,-68.400.000
918,C,262.500.000,2024-03-01,repaid,13.125.000
919,A,135.000.000,2024-01-01,repaid,6.750.000
920,B,212.500.000,2024-01-01,repaid,10.625.000
921,A,135.500.000,2024-04-01,repaid,6.775.000
922,A,135.500.000,2024-04-01,repaid,6.775.000
923,A,136.500.000,2024-05-01,repaid,6.825.000
924,C,255.000.000,2024-02-01,repaid,12.750.000
925,B,228.000.000,2024-04-01,repaid,11.400.000
926,B,222.500.000,2024-06-01,repaid,11.125.000
927,A,127.500.000,2024-02-01,repaid,6.375.000
928,C,255.000.000,2024-02-01,repaid,12.750.000
929,A,136.500.000,2024-05-01,repaid,6.825.000
930,A,135.500.000,2024-04-01,repaid,6.775.000
931,B,222.500.000,2024-06-01,repaid,11.125.000
932,C,265.000.000,2024-05-01,repaid,13.250.000
933,A,135.000.000,2024-01-01,repaid,6.750.000
934,A,138.000.000,2024-03-01,repaid,6.900.000
935,C,260.000.000,2024-01-01,repaid,13.000.000
936,A,138.000.000,2024-03-01,repaid,6.900.000
937,A,135.500.000,2024-04-01,repaid,6.775.000
938,A,135.000.000,2024-01-01,repaid,6.750.000
939,A,137.500.000,2024-06-01,repaid,6.875.000
940,B,212.500.000,2024-01-01,repaid,10.625.000
941,C,267.750.000,2024-06-01,repaid,13.387.500
942,A,137.500.000,2024-06-01,repaid,6.875.000
943,A,138.000.000,2024-03-01,repaid,6.900.000
944,B,230.000.000,2024-03-01,repaid,11.500.000
945,A,135.500.000,2024-04-01,repaid,6.775.000
946,C,267.750.000,2024-06-01,repaid,13.387.500
947,C,265.000.000,2024-05-01,repaid,13.250.000
948,C,255.000.000,2024-02-01,repaid,12.750.000
949,C,260.000.000,2024-01-01,repaid,13.000.000
950,B,228.000.000,2024-04-01,repaid,11.400.000
951,B,230.000.000,2024-03-01,repaid,11.500.000
952,A,135.000.000,2024-01-01,repaid,6.750.000
953,B,230.000.000,2024-03-01,repaid,11.500.000
954,B,230.000.000,2024-03-01,repaid,11.500.000
955,A,138.000.000,2024-03-01,repaid,6.900.000
956,A,138.000.000,2024-03-01,repaid,6.900.000
957,B,230.000.000,2024-03-01,repaid,11.500.000
958,C,267.750.000,2024-06-01,repaid,13.387.500
959,A,136.500.000,2024-05-01,repaid,6.825.000
960,B,226.000.000,2024-05-01,repaid,11.300.000
961,C,255.000.000,2024-02-01,repaid,12.750.000
962,B,226.000.000,2024-05-01,repaid,11.300.000
963,B,220.000.000,2024-02-01,repaid,11.000.000
964,A,138.000.000,2024-03-01,repaid,6.900.000
965,C,267.750.000,2024-06-01,repaid,13.387.500
966,C,267.750.000,2024-06-01,repaid,13.387.500
967,B,212.500.000,2024-01-01,repaid,10.625.000
968,C,250.000.000,2024-04-01,repaid,12.500.000
969,A,137.500.000,2024-06-01,repaid,6.875.000
970,C,265.000.000,2024-05-01,repaid,13.250.000
971,B,226.000.000,2024-05-01,repaid,11.300.000
972,C,267.750.000,2024-06-01,repaid,13.387.500
973,B,226.000.000,2024-05-01,defaulted,-67.800.000
974,A,127.500.000,2024-02-01,repaid,6.375.000
975,C,250.000.000,2024-04-01,repaid,12.500.000
976,A,136.500.000,2024-05-01,repaid,6.825.000
977,C,267.750.000,2024-06-01,repaid,13.387.500
978,A,127.500.000,2024-02-01,repaid,6.375.000
979,A,138.000.000,2024-03-01,repaid,6.900.000
980,A,127.500.000,2024-02-01,repaid,6.375.000
981,C,260.000.000,2024-01-01,repaid,13.000.000
982,A,135.500.000,2024-04-01,repaid,6.775.000
983,B,226.000.000,2024-05-01,repaid,11.300.000
984,A,135.500.000,2024-04-01,repaid,6.775.000
985,C,260.000.000,2024-01-01,repaid,13.000.000
986,B,222.500.000,2024-06-01,repaid,11.125.000
987,A,138.000.000,2024-03-01,repaid,6.900.000
988,B,212.500.000,2024-01-01,repaid,10.625.000
989,C,255.000.000,2024-02-01,repaid,12.750.000
990,A,137.500.000,2024-06-01,repaid,6.875.000
991,C,265.000.000,2024-05-01,repaid,13.250.000
992,B,228.000.000,2024-04-01,repaid,11.400.000
993,A,135.500.000,2024-04-01,repaid,6.775.000
994,A,136.500.000,2024-05-01,repaid,6.825.000
995,B,220.000.000,2024-02-01,repaid,11.000.000
996,C,267.750.000,2024-06-01,repaid,13.387.500
997,A,137.500.000,2024-06-01,repaid,6.875.000
998,B,222.500.000,2024-06-01,repaid,11.125.000
999,C,262.500.000,2024-03-01,repaid,13.125.000
1000,B,226.000.000,2024-05-01,repaid,11.300.000